Active Life,1
ATV Rentals/Tours,1
Airsoft,1
Amateur Sports Teams,1
Amusement Parks,1
Aquariums,1
Archery,1
Axe Throwing,1
Badminton,1
Baseball Fields,1
Basketball Courts,1
Batting Cages,1
Beach Equipment Rentals,1
Beaches,1
Bike Parking,1
Bike Rentals,1
Boating,1
Bobsledding,1
Bocce Ball,1
Bowling,1
Bubble Soccer,1
Bungee Jumping,1
Canyoneering,1
Carousels,1
Challenge Courses,1
Climbing,1
Cycling Classes,1
Dart Arenas,1
Day Camps,1
Disc Golf,1
Diving,1
Free Diving,1
Scuba Diving,1
Escape Games,1
Fencing Clubs,1
Fishing,1
Fitness & Instruction,1
Aerial Fitness,1
Barre Classes,1
Boot Camps,1
Boxing,1
Cardio Classes,1
Dance Studios,1
Golf Lessons,1
Gyms,1
Circuit Training Gyms,1
Interval Training Gyms,1
Martial Arts,1
Brazilian Jiu-jitsu,1
Chinese Martial Arts,1
Karate,1
Kickboxing,1
Muay Thai,1
Taekwondo,1
Meditation Centers,1
Pilates,1
Qi Gong,1
Self-defense Classes,1
Swimming Lessons/Schools,1
Tai Chi,1
Trainers,1
Yoga,1
Flyboarding,1
Go Karts,1
Golf ,1
Gun/Rifle Ranges,1
Gymnastics,1
Hang Gliding,1
Hiking,1
Horse Racing,1
Horseback Riding,1
Hot Air Balloons,1
Indoor Playcentre,1
Jet Skis,1
Kids Activities,1
Kiteboarding,1
Lakes,1
Laser Tag,1
Mini Golf,1
Mountain Biking,1
Nudist,1
Paddleboarding,1
Paintball,1
Paragliding,1
Parasailing,1
Parks,1
Dog Parks,1
Skate Parks,1
Pickleball,1
Playgrounds,1
Races & Competitions,1
Racing Experience,1
Rafting/Kayaking,1
Recreation Centers,1
Rock Climbing,1
Sailing,1
Scavenger Hunts,1
Scooter Rentals,1
Senior Centers,1
Skating Rinks,1
Skydiving,1
Sledding,1
Snorkeling,1
Soccer,1
Sports Clubs,1
Squash,1
Summer Camps,1
Surfing,1
Swimming Pools,1
Tennis,1
Trampoline Parks,1
Tubing,1
Water Parks,1
Wildlife Hunting Ranges,1
Ziplining,1
Zoos,1
Petting Zoos,1
Zorbing,1
Arts & Entertainment,2
Arcades,2
Art Galleries,2
Bingo Halls,2
Botanical Gardens,2
Cabaret,2
Casinos,2
Cinema,2
Drive-In Theater,2
Outdoor Movies,2
Country Clubs,2
Cultural Center,2
Entertainment,2
Farms,2
Attraction Farms,2
Pick Your Own Farms,2
Ranches,2
Festivals,2
Haunted Houses,2
Jazz & Blues,2
LAN Centers,2
Makerspaces,2
Museums,2
Art Museums,2
Children’s Museums,2
Music Venues,2
Observatories,2
Opera & Ballet,2
Paint & Sip,2
Performing Arts,2
Planetarium,2
Professional Sports Teams,2
Race Tracks,2
Rodeo,2
Social Clubs,2
Veterans Organizations,2
Sports Betting,2
Stadiums & Arenas,2
Studio Taping,2
Supernatural Readings,2
Astrologers,2
Mystics,2
Psychic Mediums,2
Psychics,2
Ticket Sales,2
Virtual Reality Centers,2
Wineries,2
Wine Tasting Room,2
Automotive,3
Aircraft Dealers,3
Aircraft Repairs,3
Auto Customization,3
Auto Detailing,3
Auto Glass Services,3
Car Window Tinting,3
Auto Loan Providers,3
Auto Parts & Supplies,3
Motorcycle Parts & Supplies,3
Auto Repair,3
DIY Auto Shop,3
Auto Security,3
Auto Upholstery,3
Aviation Services,3
Boat Dealers,3
Boat Parts & Supplies,3
Body Shops,3
Car Auctions,3
Car Brokers,3
Car Buyers,3
Car Dealers,3
Car Inspectors,3
Car Share Services,3
Car Stereo Installation,3
Car Wash,3
Commercial Truck Dealers,3
Commercial Truck Repair,3
EV Charging Stations,3
Fuel Docks,3
Gas Stations,3
Golf Cart Dealers,3
Hybrid Car Repair,3
Interlock Systems,3
Marinas (marinas),3
Mobile Dent Repair,3
Mobility Equipment Sales & Services,3
Motorcycle Dealers,3
Motorcycle Repair,3
Motorsport Vehicle Dealers,3
Motorsport Vehicle Repairs,3
Oil Change Stations,3
Parking,3
RV Dealers,3
RV Repair,3
Registration Services,3
Roadside Assistance,3
Service Stations,3
Smog Check Stations,3
Tires,3
Towing,3
Trailer Dealers,3
Trailer Rental,3
Trailer Repair,3
Transmission Repair,3
Truck Rental,3
Used Car Dealers,3
Vehicle Shipping,3
Vehicle Wraps,3
Wheel & Rim Repair,3
Windshield Installation & Repair,3
Beauty & Spas,4
Acne Treatment,4
Barbers,4
Cosmetics & Beauty Supply,4
Day Spas,4
Eyebrow Services,4
Eyelash Service,4
Hair Extensions,4
Hair Loss Centers,4
Hair Removal,4
Laser Hair Removal,4
Sugaring,4
Threading Services,4
Waxing,4
Hair Salons,4
Blow Dry/Out Services,4
Hair Extensions,4
Hair Stylists,4
Kids Hair Salons,4
Men’s Hair Salons,4
Hot Springs,4
Makeup Artists,4
Massage,4
Medical Spas,4
Aestheticians,4
Nail Salons,4
Nail Technicians,4
Perfume,4
Permanent Makeup,4
Piercing,4
Skin Care,4
Estheticians,4
Tanning,4
Spray Tanning,4
Tanning Beds,4
Tattoo,4
Teeth Whitening,4
Education,5
Adult Education,5
Art Classes,5
Glass Blowing,5
College Counseling,5
Colleges & Universities,5
Educational Services,5
Elementary Schools,5
Middle Schools & High Schools,5
Montessori Schools,5
Preschools,5
Private Schools,5
Private Tutors,5
Religious Schools,5
Special Education,5
Specialty Schools,5
Art Schools,5
Bartending Schools,5
CPR Classes,5
Cheerleading,5
Childbirth Education,5
Cooking Schools,5
Cosmetology Schools,5
DUI Schools,5
Dance Schools,5
Drama Schools,5
Driving Schools,5
Firearm Training,5
First Aid Classes,5
Flight Instruction,5
Food Safety Training,5
Language Schools,5
Massage Schools,5
Nursing Schools,5
Parenting Classes,5
Photography Classes,5
Pole Dancing Classes,5
Ski Schools,5
Speech Training,5
Surf Schools,5
Swimming Lessons/Schools,5
Traffic Schools,5
Vocational & Technical School,5
Tasting Classes,5
Cheese Tasting Classes,5
Wine Tasting Classes,5
Test Preparation,5
Tutoring Centers,5
Waldorf Schools,5
Event Planning & Services,6
Balloon Services,6
Bartenders,6
Boat Charters,6
Cards & Stationery,6
Caricatures,6
Caterers,6
Clowns,6
DJs,6
Face Painting,6
Floral Designers,6
Game Truck Rental,6
Golf Cart Rentals,6
Henna Artists,6
Hotels,6
Mountain Huts,6
Residences,6
Rest Stops,6
Magicians,6
Mohels,6
Musicians,6
Officiants,6
Party & Event Planning,6
Party Bike Rentals,6
Party Bus Rentals,6
Party Characters,6
Party Equipment Rentals,6
Audio/Visual Equipment Rental,6
Bounce House Rentals,6
Karaoke Rentals,6
Party Supplies,6
Personal Chefs,6
Photo Booth Rentals,6
Photographers (photographers),6
Boudoir Photography,6
Event Photography,6
Session Photography,6
Silent Disco,6
Sommelier Services,6
Team Building Activities,6
Trivia Hosts,6
Valet Services,6
Venues & Event Spaces,6
Videographers,6
Wedding Chapels,6
Wedding Planning,6
Financial Services,7
Banks & Credit Unions,7
Business Financing,7
Check Cashing/Pay-day Loans,7
Currency Exchange,7
Debt Relief Services,7
Financial Advising,7
Installment Loans,7
Insurance,7
Auto Insurance,7
Home & Rental Insurance,7
Life Insurance,7
Investing,7
Mortgage Lenders,7
Tax Services,7
Title Loans,7
Food,8
Acai Bowls,8
Bagels,8
Bakeries,8
"Beer, Wine & Spirits",8
Beer,8
Wine & Spirits,8
Beverage Store,8
Breweries,8
Brewpubs,8
Bubble Tea,8
Butcher,8
CSA,8
Chimney Cakes,8
Cideries,8
Coffee & Tea,8
Coffee Roasteries,8
Convenience Stores,8
Cupcakes,8
Custom Cakes,8
Desserts,8
Distilleries,8
Do-It-Yourself Food,8
Donuts,8
Empanadas,8
Farmers Market,8
Food Delivery Services,8
Food Trucks,8
Gelato,8
Grocery,8
Honey,8
Ice Cream & Frozen Yogurt,8
Imported Food,8
International Grocery,8
Internet Cafes,8
Juice Bars & Smoothies,8
Kombucha,8
Meaderies,8
Organic Stores,8
Patisserie/Cake Shop,8
Piadina,8
Poke,8
Pretzels,8
Shaved Ice,8
Shaved Snow,8
Smokehouse,8
Specialty Food,8
Candy Stores,8
Cheese Shops,8
Chocolatiers & Shops,8
Fruits & Veggies,8
Health Markets,8
Herbs & Spices,8
Macarons,8
Meat Shops,8
Olive Oil,8
Pasta Shops,8
Popcorn Shops,8
Seafood Markets,8
Street Vendors,8
Tea Rooms,8
Water Stores,8
Wineries,8
Wine Tasting Room,8
Health & Medical,9
Acupuncture,9
Alternative Medicine,9
Animal Assisted Therapy,9
Assisted Living Facilities,9
Ayurveda,9
Behavior Analysts,9
Blood & Plasma Donation Centers,9
Body Contouring,9
Cannabis Clinics,9
Cannabis Tours,9
Cannabis Collective,9
Chiropractors,9
Colonics,9
Concierge Medicine,9
Counseling & Mental Health,9
Psychologists,9
Sex Therapists,9
Sports Psychologists,9
Crisis Pregnancy Centers,9
Faith-based Crisis Pregnancy Centers,9
Cryotherapy,9
Dental Hygienists,9
Dentists,9
Cosmetic Dentists,9
Endodontists,9
General Dentistry,9
Oral Surgeons,9
Orthodontists,9
Pediatric Dentists,9
Periodontists,9
Diagnostic Services,9
Diagnostic Imaging,9
Laboratory Testing,9
Dialysis Clinics,9
Dietitians,9
Doctors,9
Addiction Medicine,9
Allergists,9
Anesthesiologists,9
Audiologist,9
Cardiologists,9
Cosmetic Surgeons,9
Dermatologists,9
Ear Nose & Throat,9
Emergency Medicine,9
Endocrinologists,9
Family Practice,9
Fertility,9
Gastroenterologist,9
Geneticists,9
Gerontologists,9
Hepatologists,9
Hospitalists,9
Immunodermatologists,9
Infectious Disease Specialists,9
Internal Medicine,9
Naturopathic/Holistic,9
Nephrologists,9
Neurologist,9
Neuropathologists,9
Neurotologists,9
Obstetricians & Gynecologists,9
Oncologist,9
Ophthalmologists,9
Retina Specialists,9
Orthopedists,9
Osteopathic Physicians,9
Otologists,9
Pain Management,9
Pathologists,9
Pediatricians,9
Phlebologists,9
Plastic Surgeons,9
Podiatrists,9
Preventive Medicine,9
Proctologists,9
Psychiatrists,9
Pulmonologist,9
Radiologists,9
Rheumatologists,9
Spine Surgeons,9
Sports Medicine,9
Surgeons,9
Tattoo Removal,9
Toxicologists,9
Undersea/Hyperbaric Medicine,9
Urologists,9
Vascular Medicine,9
Doulas,9
Emergency Rooms,9
Float Spa,9
Habilitative Services,9
Halfway Houses,9
Halotherapy,9
Health Coach,9
Health Insurance Offices,9
Hearing Aid Providers,9
Herbal Shops,9
Home Health Care,9
Hospice,9
Hospitals,9
Hydrotherapy,9
Hypnosis/Hypnotherapy,9
IV Hydration,9
Lactation Services,9
Laser Eye Surgery/Lasik,9
Lice Services,9
Massage Therapy,9
Medical Cannabis Referrals,9
Medical Centers,9
Walk-in Clinics,9
Medical Spas,9
Aestheticians,9
Medical Transportation,9
Memory Care,9
Midwives,9
Nurse Practitioner,9
Nutritionists,9
Occupational Therapy,9
Optometrists,9
Organ & Tissue Donor Services,9
Orthotics,9
Oxygen Bars,9
Personal Care Services,9
Pharmacy,9
Physical Therapy,9
Placenta Encapsulations,9
Prenatal/Perinatal Care,9
Prosthetics,9
Prosthodontists,9
Reflexology,9
Rehabilitation Center,9
Reiki,9
Reproductive Health Services,9
Retirement Homes,9
Saunas,9
Skilled Nursing,9
Sleep Specialists,9
Speech Therapists,9
Sperm Clinic,9
Traditional Chinese Medicine,9
Tui Na,9
Ultrasound Imaging Centers,9
Urgent Care,9
Weight Loss Centers,9
Home Services,10
Artificial Turf,10
Building Supplies,10
Cabinetry,10
Carpenters,10
Carpet Installation,10
Carpeting,10
Childproofing,10
Chimney Sweeps,10
Contractors,10
Countertop Installation,10
Damage Restoration,10
Decks & Railing,10
Demolition Services,10
Door Sales/Installation,10
Drywall Installation & Repair,10
Electricians,10
Excavation Services,10
Fences & Gates,10
Fire Protection Services,10
Fireplace Services,10
Firewood,10
Flooring,10
Foundation Repair,10
Furniture Assembly,10
Garage Door Services,10
Gardeners,10
Glass & Mirrors,10
Grout Services,10
Gutter Services,10
Handyman,10
Heating & Air Conditioning/HVAC,10
Holiday Decorating Services,10
Home Automation,10
Home Cleaning,10
Home Energy Auditors,10
Home Inspectors,10
Home Network Installation,10
Home Organization,10
Home Theatre Installation,10
Home Window Tinting,10
House Sitters,10
Insulation Installation,10
Interior Design,10
Internet Service Providers,10
Irrigation,10
Keys & Locksmiths,10
Landscape Architects,10
Landscaping,10
Lawn Services,10
Lighting Fixtures & Equipment,10
Masonry/Concrete,10
Mobile Home Repair,10
Movers,10
Packing Services,10
Painters,10
Patio Coverings,10
Plumbing,10
Backflow Services,10
Pool & Hot Tub Service,10
Pool Cleaners,10
Pressure Washers,10
Real Estate,10
Apartments,10
Art Space Rentals,10
Commercial Real Estate,10
Condominiums,10
Estate Liquidation,10
Home Developers,10
Home Staging,10
Homeowner Association,10
Housing Cooperatives,10
Kitchen Incubators,10
Mobile Home Dealers,10
Mobile Home Parks,10
Mortgage Brokers,10
Property Management,10
Real Estate Agents,10
Apartment Agents,10
Real Estate Services,10
Land Surveying,10
Real Estate Photography,10
Shared Office Spaces,10
University Housing,10
Refinishing Services,10
Roof Inspectors,10
Roofing,10
Sauna Installation & Repair,10
Security Systems,10
Shades & Blinds,10
Shutters,10
Siding,10
Solar Installation,10
Solar Panel Cleaning,10
Structural Engineers,10
Stucco Services,10
Television Service Providers,10
Tiling,10
Tree Services,10
Utilities,10
Electricity Suppliers,10
Natural Gas Suppliers,10
Water Suppliers,10
Wallpapering,10
Water Heater Installation/Repair,10
Water Purification Services,10
Waterproofing,10
Window Washing,10
Windows Installation,10
Hotels & Travel,11
Airports,11
Airport Terminals,11
Bed & Breakfast,11
Campgrounds,11
Car Rental,11
Guest Houses,11
Health Retreats,11
Hostels,11
Hotels,11
Mountain Huts,11
Residences,11
Rest Stops,11
Motorcycle Rental,11
RV Parks,11
RV Rental,11
Resorts,11
Ski Resorts,11
Tours,11
Aerial Tours,11
Architectural Tours,11
Art Tours,11
Beer Tours,11
Bike tours,11
Boat Tours,11
Bus Tours,11
Food Tours,11
Historical Tours,11
Scooter Tours,11
Walking Tours,11
Whale Watching Tours,11
Wine Tours,11
Train Stations,11
Transportation,11
Airlines,11
Airport Shuttles,11
Bike Sharing,11
Bus Stations,11
Buses,11
Cable Cars,11
Ferries,11
Limos,11
Metro Stations,11
Pedicabs,11
Private Jet Charter,11
Public Transportation,11
Taxis,11
Town Car Service,11
Trains,11
Travel Services,11
Luggage Storage,11
Passport & Visa Services,11
Travel Agents,11
Visitor Centers,11
Vacation Rental Agents,11
Vacation Rentals,11
Local Flavor,12
Parklets,12
Public Art,12
Unofficial Yelp Events,12
Yelp Events,12
Local Services,13
3D Printing,13
Adoption Services,13
Air Duct Cleaning,13
Appliances & Repair,13
Appraisal Services,13
Art Installation,13
Art Restoration,13
Awnings,13
Bail Bondsmen,13
Bike Repair/Maintenance,13
Biohazard Cleanup,13
Bookbinding,13
Bus Rental,13
Calligraphy,13
Carpet Cleaning,13
Carpet Dyeing,13
Child Care & Day Care,13
Clock Repair,13
Community Book Box,13
Community Gardens,13
Community Service/Non-Profit,13
Food Banks,13
Homeless Shelters,13
Couriers & Delivery Services,13
Crane Services,13
Donation Center,13
Elder Care Planning,13
Electronics Repair,13
Elevator Services,13
Engraving,13
Environmental Abatement,13
Environmental Testing,13
Farm Equipment Repair,13
Fingerprinting,13
Funeral Services & Cemeteries,13
Cremation Services,13
Mortuary Services,13
Furniture Rental,13
Furniture Repair,13
Furniture Reupholstery,13
Generator Installation/Repair,13
Grill Services,13
Gunsmith,13
Hazardous Waste Disposal,13
Hydro-jetting,13
IT Services & Computer Repair,13
Data Recovery,13
Mobile Phone Repair,13
Telecommunications,13
Ice Delivery,13
Jewelry Repair,13
Junk Removal & Hauling,13
Dumpster Rental,13
Junkyards,13
Knife Sharpening,13
Laundry Services,13
Dry Cleaning,13
Laundromat,13
Machine & Tool Rental,13
Machine Shops,13
Mailbox Centers,13
Metal Detector Services,13
Metal Fabricators,13
Misting System Services,13
Musical Instrument Services,13
Guitar Stores,13
Piano Services,13
Piano Stores,13
Vocal Coach,13
Nanny Services,13
Notaries,13
Outdoor Power Equipment Services,13
Pest Control,13
Portable Toilet Services,13
Powder Coating,13
Printing Services,13
Propane,13
Recording & Rehearsal Studios,13
Recycling Center,13
Sandblasting,13
Screen Printing,13
Screen Printing/T-Shirt Printing,13
Self Storage,13
Septic Services,13
Sewing & Alterations,13
Shipping Centers,13
Shoe Repair,13
Shoe Shine,13
Snow Removal,13
Snuggle Services,13
Stonemasons,13
TV Mounting,13
Watch Repair,13
Water Delivery,13
Well Drilling,13
Wildlife Control,13
Mass Media,14
Print Media,14
Radio Stations,14
Television Stations,14
Nightlife,15
Adult Entertainment,15
Strip Clubs,15
Striptease Dancers,15
Bar Crawl,15
Bars,15
Airport Lounges,15
Beer Bar,15
Champagne Bars,15
Cigar Bars,15
Cocktail Bars,15
Dive Bars,15
Drive-Thru Bars,15
Gay Bars,15
Hookah Bars,15
Irish Pub,15
Lounges,15
Pubs,15
Speakeasies,15
Sports Bars,15
Tiki Bars,15
Vermouth Bars,15
Whiskey Bars,15
Wine Bars,15
Beer Gardens,15
Club Crawl,15
Comedy Clubs,15
Country Dance Halls,15
Dance Clubs,15
Jazz & Blues,15
Karaoke,15
Music Venues,15
Piano Bars,15
Pool Halls,15
Pets,16
Animal Shelters,16
Horse Boarding,16
Pet Adoption,16
Pet Services,16
Animal Physical Therapy,16
Aquarium Services,16
Dog Walkers,16
Emergency Pet Hospital,16
Farriers,16
Holistic Animal Care,16
Pet Breeders,16
Pet Cremation Services,16
Pet Groomers,16
Pet Hospice,16
Pet Insurance,16
Pet Photography,16
Pet Sitting,16
Pet Boarding,16
Pet Training,16
Pet Transportation,16
Pet Waste Removal,16
Pet Stores,16
Bird Shops,16
Local Fish Stores,16
Reptile Shops,16
Veterinarians,16
Professional Services,17
Accountants,17
Advertising,17
Architects,17
Art Consultants,17
Billing Services,17
Boat Repair,17
Bookkeepers,17
Business Consulting,17
Career Counseling,17
Commissioned Artists,17
Customs Brokers,17
Digitizing Services,17
Duplication Services,17
Editorial Services,17
Employment Agencies,17
Feng Shui,17
Graphic Design,17
Indoor Landscaping,17
Internet Service Providers,17
Lawyers,17
Bankruptcy Law,17
Business Law,17
Consumer Law,17
Contract Law,17
Criminal Defense Law,17
DUI Law,17
Disability Law,17
Divorce & Family Law,17
Elder Law,17
Employment Law,17
Entertainment Law,17
Estate Planning Law,17
"Wills, Trusts, & Probates",17
Trusts,17
& Probates,17
Wills,17
General Litigation,17
IP & Internet Law,17
Immigration Law,17
Medical Law,17
Personal Injury Law,17
Real Estate Law,17
Social Security Law,17
Tax Law,17
Traffic Ticketing Law,17
Workers Compensation Law,17
Legal Services,17
Court Reporters,17
Process Servers,17
Life Coach,17
Marketing,17
Matchmakers,17
Mediators,17
Music Production Services,17
Office Cleaning,17
Patent Law,17
Payroll Services,17
Personal Assistants,17
Private Investigation,17
Product Design,17
Public Adjusters,17
Public Relations,17
Security Services,17
Shredding Services,17
Signmaking,17
Software Development,17
Talent Agencies,17
Taxidermy,17
Tenant and Eviction Law,17
Translation Services,17
Video/Film Production,17
Web Design,17
Wholesalers,17
Restaurant Supplies,17
Public Services & Government,18
Civic Center,18
Community Centers,18
Courthouses,18
Departments of Motor Vehicles,18
Embassy,18
Fire Departments,18
Jails & Prisons,18
Landmarks & Historical Buildings,18
Libraries,18
Municipality,18
Police Departments,18
Post Offices,18
Town Hall,18
Real Estate,19
Apartments,19
Art Space Rentals,19
Commercial Real Estate,19
Condominiums,19
Estate Liquidation,19
Home Developers,19
Home Staging,19
Homeowner Association,19
Housing Cooperatives,19
Kitchen Incubators,19
Mobile Home Dealers,19
Mobile Home Parks,19
Mortgage Brokers,19
Property Management,19
Real Estate Agents,19
Apartment Agents,19
Real Estate Services,19
Land Surveying,19
Real Estate Photography,19
Shared Office Spaces,19
,
Religious Organizations,20
Buddhist Temples,20
Churches,20
Hindu Temples,20
Mosques,20
Sikh Temples,20
Synagogues,20
Restaurants,21
Afghan,21
African,21
Senegalese,21
South African,21
American (New),21
American (Traditional),21
Arabian,21
Argentine,21
Armenian,21
Asian Fusion,21
Australian,21
Austrian,21
Bangladeshi,21
Barbeque,21
Basque,21
Belgian,21
Brasseries,21
Brazilian,21
Breakfast & Brunch,21
Pancakes,21
British,21
Buffets,21
Bulgarian,21
Burgers,21
Burmese,21
Cafes,21
Themed Cafes,21
Cafeteria,21
Cajun/Creole,21
Cambodian,21
Caribbean,21
Dominican,21
Haitian,21
Puerto Rican,21
Trinidadian,21
Catalan,21
Cheesesteaks,21
Chicken Shop,21
Chicken Wings,21
Chinese,21
Cantonese,21
Dim Sum,21
Hainan,21
Shanghainese,21
Szechuan,21
Comfort Food,21
Creperies,21
Cuban,21
Czech,21
Delis,21
Diners,21
Dinner Theater,21
Eritrean,21
Ethiopian,21
Fast Food,21
Filipino,21
Fish & Chips,21
Fondue,21
Food Court,21
Food Stands,21
French,21
Mauritius,21
Reunion,21
Game Meat,21
Gastropubs,21
Georgian,21
German,21
Gluten-Free,21
Greek,21
Guamanian,21
Halal,21
Hawaiian,21
Himalayan/Nepalese,21
Honduran,21
Hong Kong Style Cafe,21
Hot Dogs,21
Hot Pot,21
Hungarian,21
Iberian,21
Indian,21
Indonesian,21
Irish,21
Italian,21
Calabrian,21
Sardinian,21
Sicilian,21
Tuscan,21
Japanese,21
Conveyor Belt Sushi,21
Izakaya,21
Japanese Curry,21
Ramen,21
Teppanyaki,21
Kebab,21
Korean,21
Kosher,21
Laotian,21
Latin American,21
Colombian,21
Salvadoran,21
Venezuelan,21
Live/Raw Food,21
Malaysian,21
Mediterranean,21
Falafel,21
Mexican,21
Tacos,21
Middle Eastern,21
Egyptian,21
Lebanese,21
Modern European,21
Mongolian,21
Moroccan,21
New Mexican Cuisine,21
Nicaraguan,21
Noodles,21
Pakistani,21
Pan Asia,21
Persian/Iranian,21
Peruvian,21
Pizza,21
Polish,21
Polynesian,21
Pop-Up Restaurants,21
Portuguese,21
Poutineries,21
Russian,21
Salad,21
Sandwiches,21
Scandinavian,21
Scottish,21
Seafood,21
Singaporean,21
Slovakian,21
Somali,21
Soul Food,21
Soup,21
Southern,21
Spanish,21
Sri Lankan,21
Steakhouses,21
Supper Clubs,21
Sushi Bars,21
Syrian,21
Taiwanese,21
Tapas Bars,21
Tapas/Small Plates,21
Tex-Mex,21
Thai,21
Turkish,21
Ukrainian,21
Uzbek,21
Vegan,21
Vegetarian,21
Vietnamese,21
Waffles,21
Wraps,21
Shopping,22
Adult,22
Antiques,22
Art Galleries,22
Arts & Crafts,22
Art Supplies,22
Cards & Stationery,22
Cooking Classes,22
Costumes,22
Embroidery & Crochet,22
Fabric Stores,22
Framing,22
Paint-Your-Own Pottery,22
Auction Houses,22
Baby Gear & Furniture,22
Battery Stores,22
Bespoke Clothing,22
"Books, Mags, Music & Video",22
Books,22
Mags,22
Music & Video,22
Bookstores,22
Comic Books,22
Music & DVDs,22
Newspapers & Magazines,22
Video Game Stores,22
Videos & Video Game Rental,22
Vinyl Records,22
Brewing Supplies,22
Bridal,22
Cannabis Dispensaries,22
Computers,22
Cosmetics & Beauty Supply,22
Customized Merchandise,22
Department Stores,22
Diamond Buyers,22
Discount Store,22
Drones,22
Drugstores,22
Duty-Free Shops,22
Electronics,22
Eyewear & Opticians,22
Sunglasses,22
Farming Equipment,22
Fashion,22
Accessories,22
Ceremonial Clothing,22
Children’s Clothing,22
Clothing Rental,22
Department Stores,22
Formal Wear,22
Fur Clothing,22
Hats,22
Leather Goods,22
Lingerie,22
Maternity Wear,22
Men’s Clothing,22
Plus Size Fashion,22
Shoe Stores,22
Sports Wear,22
Dance Wear,22
Surf Shop,22
Swimwear,22
Traditional Clothing,22
"Used, Vintage & Consignment",22
Used,22
Vintage & Consignment,22
Women’s Clothing,22
Fireworks,22
Fitness/Exercise Equipment,22
Flea Markets,22
Flowers & Gifts,22
Cards & Stationery,22
Florists,22
Gift Shops,22
Gemstones & Minerals,22
Gold Buyers,22
Guns & Ammo,22
Head Shops,22
High Fidelity Audio Equipment,22
Hobby Shops,22
Home & Garden,22
Appliances,22
Candle Stores,22
Christmas Trees,22
Furniture Stores,22
Grilling Equipment,22
Hardware Stores,22
Holiday Decorations,22
Home Decor,22
Hot Tub & Pool,22
Kitchen & Bath,22
Kitchen Supplies,22
Lighting Stores,22
Mattresses,22
Nurseries & Gardening,22
Hydroponics,22
Outdoor Furniture Stores,22
Paint Stores,22
Playsets,22
Pumpkin Patches,22
Rugs,22
Sheds & Outdoor Storage,22
Tableware,22
Horse Equipment Shops,22
Jewelry,22
Knitting Supplies,22
Livestock Feed & Supply,22
Luggage,22
Medical Supplies,22
Military Surplus,22
Mobile Phone Accessories,22
Mobile Phones,22
Motorcycle Gear,22
Musical Instruments & Teachers,22
Office Equipment,22
Outlet Stores,22
Packing Supplies,22
Pawn Shops,22
Perfume,22
Personal Shopping,22
Photography Stores & Services,22
Pool & Billiards,22
Pop-up Shops,22
Props,22
Public Markets,22
Religious Items,22
Safe Stores,22
Safety Equipment,22
Shopping Centers,22
Souvenir Shops,22
Spiritual Shop,22
Sporting Goods,22
Bikes,22
Dive Shops,22
Golf Equipment,22
Hockey Equipment,22
Hunting & Fishing Supplies,22
Outdoor Gear,22
Skate Shops,22
Ski & Snowboard Shops,22
Sports Wear,22
Dance Wear,22
Tabletop Games,22
Teacher Supplies,22
Thrift Stores,22
Tobacco Shops,22
Toy Stores,22
Trophy Shops,22
Uniforms,22
Used Bookstore,22
Vape Shops,22
Vitamins & Supplements,22
Watches,22
Wholesale Stores,22
Wigs,22
